,Gene,AA_index,con_kde,Helix,Sheet,phosphorylation,acetylation,methylation,ubiquitylation,In_domain,SVM_Score,SVM_Class
0,AURKB,0.00287356321839,-2.58790110724,0,0,-2.34720003166,-323.306215343,-323.306215343,-43.0097926774,0,-2.64033518129,0
1,AURKB,0.00574712643678,-2.57275966572,0,0,-2.18685469037,-323.306215343,-323.306215343,-41.5304770984,0,-2.64279881374,0
2,AURKB,0.00862068965517,-2.55801911745,0,0,-2.05324098581,-323.306215343,-323.306215343,-40.0783049245,0,-2.64297600766,0
3,AURKB,0.0114942528736,-2.54367549505,0,0,-1.94635491208,-323.306215343,-323.306215343,-38.6532761558,0,-2.64093248485,0
4,AURKB,0.014367816092,-2.52972488218,0,0,-1.86619322699,-323.306215343,-323.306215343,-37.2553907921,0,-2.63674138903,0
5,AURKB,0.0172413793103,-2.51616342095,0,0,-1.81275347675,-323.306215343,-323.306215343,-35.8846488336,0,-2.63048221194,0
6,AURKB,0.0201149425287,-2.50298731928,0,0,-1.78603401486,-323.306215343,-323.306215343,-34.5410502802,0,-2.62223974969,0
7,AURKB,0.0229885057471,-2.49019285837,0,0,-1.78603401484,-323.306215343,-323.306215343,-33.224595132,0,-2.61210309922,0
8,AURKB,0.0258620689655,-2.47777640012,0,0,-1.81275347659,-323.306215343,-323.306215343,-31.9352833888,0,-2.6001647033,0
9,AURKB,0.0287356321839,-2.46573439441,0,0,-1.86619322611,-323.306215343,-323.306215343,-30.6731150508,0,-2.58651945036,0
10,AURKB,0.0316091954023,-2.45406338632,0,0,-1.94635490722,-323.306215343,-323.306215343,-29.4380901179,0,-2.57126383456,0
11,AURKB,0.0344827586207,-2.4427600232,0,0,-2.05324095882,-323.306215343,-323.306215343,-28.2302085901,0,-2.55449517946,0
12,AURKB,0.0373563218391,-2.4318210615,0,0,-2.18685454053,-323.306215343,-323.306215343,-27.0494704674,0,-2.53631092828,0
13,AURKB,0.0402298850575,-2.42124337337,0,0,-2.34719920079,-323.306215343,-323.306215343,-25.8958757499,0,-2.51680800404,0
14,AURKB,0.0431034482759,-2.41102395294,0,0,-2.53427714612,-323.306215343,-323.306215343,-24.7694244374,0,-2.49608225359,0
15,AURKB,0.0459770114943,-2.40115992235,0,0,-2.74807980345,-323.306215343,-323.306215343,-23.6701165301,0,-2.47422805159,0
16,AURKB,0.0488505747126,-2.39164853724,0,0,-2.98853585175,-323.306215343,-323.306215343,-22.5979520279,0,-2.45133849517,0
17,AURKB,0.051724137931,-2.38248719199,0,0,-3.25522503362,-323.306215343,-323.306215343,-21.5529309308,0,-2.42750860231,0
18,AURKB,0.0545977011494,-2.37367342432,0,0,-3.54581465679,-323.306215343,-323.306215343,-20.5350532389,0,-2.40285484507,0
19,AURKB,0.0574712643678,-2.36520491953,0,0,-3.84787139362,-323.306215343,-323.306215343,-19.544318952,0,-2.37762038011,0
20,AURKB,0.0603448275862,-2.35707951408,0,0,-4.10439106743,-323.306215343,-323.306215343,-18.5807280703,0,-2.35262657541,0
21,AURKB,0.0632183908046,-2.34929519864,0,0,-4.16877660132,-323.306215343,-323.306215343,-17.6442805937,0,-2.32989782447,0
22,AURKB,0.066091954023,-2.34185012046,0,0,-3.9894189794,-323.306215343,-323.306215343,-16.7349765222,0,-2.31030285022,0
23,AURKB,0.0689655172414,-2.33474258518,0,0,-3.71390277402,-323.306215343,-323.306215343,-15.8528158559,0,-2.29207168425,0
24,AURKB,0.0718390804598,-2.32797105787,0,0,-3.43588924899,-323.306215343,-323.306215343,-14.9977985946,0,-2.27405019708,0
25,AURKB,0.0747126436782,-2.32153416342,0,0,-3.17928288128,-323.306215343,-323.306215343,-14.1699247385,0,-2.25597092816,0
26,AURKB,0.0775862068966,-2.31543068615,0,0,-2.94873918701,-323.306215343,-323.306215343,-13.3691942875,0,-2.237813891,0
27,AURKB,0.0804597701149,-2.30965956871,0,0,-2.74509490542,-323.306215343,-323.306215343,-12.5956072416,0,-2.21960628868,0
28,AURKB,0.0833333333333,-2.30421991027,0,0,-2.56846219625,-323.306215343,-323.306215343,-11.8491636008,0,-2.20138177917,0
29,AURKB,0.0862068965517,-2.29911096379,0,0,-2.41878583994,-323.306215343,-323.306215343,-11.1298633652,0,-2.18317315601,0
30,AURKB,0.0890804597701,-2.29433213269,0,0,-2.2959148617,-323.306215343,-323.306215343,-10.4377065346,0,-2.16501155819,0
31,AURKB,0.0919540229885,-2.28988296665,0,0,-2.19956004521,-323.306215343,-323.306215343,-9.7726931092,0,-2.14692729145,0
32,AURKB,0.0948275862069,-2.28576315658,0,0,-2.12918514251,-323.306215343,-323.306215343,-9.13482308891,0,-2.12895166646,0
33,AURKB,0.0977011494253,-2.28197252896,0,0,-2.08380749679,-323.306215343,-323.306215343,-8.52409647373,0,-2.11112027112,0
34,AURKB,0.100574712644,-2.27851103924,0,0,-2.06165690832,-323.306215343,-323.306215343,-7.94051326368,0,-2.09347851541,0
35,AURKB,0.103448275862,-2.27537876465,0,0,-2.05964149617,-323.306215343,-323.306215343,-7.38407345874,0,-2.07609032571,0
36,AURKB,0.10632183908,-2.27257589608,0,0,-2.07265498361,-323.306215343,-323.306215343,-6.85477705892,0,-2.05904958381,0
37,AURKB,0.109195402299,-2.2701027294,1,0,-2.09306504803,-323.306215343,-323.306215343,-6.35262406422,0,-1.85219980564,0
38,AURKB,0.112068965517,-2.26795965589,0,1,-2.11129591525,-323.306215343,-323.306215343,-5.87761447464,0,-1.40378458625,0
39,AURKB,0.114942528736,-2.26614715208,0,1,-2.11859311379,-323.306215343,-323.306215343,-5.42974829017,0,-1.38716104335,0
40,AURKB,0.117816091954,-2.26466576886,0,1,-2.11129382197,-323.306215343,-323.306215343,-5.00902551083,0,-1.37155830836,0
41,AURKB,0.120689655172,-2.26351611987,0,1,-2.09305765933,-323.306215343,-323.306215343,-4.6154461366,0,-1.35690404287,0
42,AURKB,0.123563218391,-2.26269886927,0,1,-2.07263207605,-323.306215343,-323.306215343,-4.2490101675,0,-1.34301326564,0
43,AURKB,0.126436781609,-2.26221471885,0,0,-2.05957383881,-323.306215343,-323.306215343,-3.90971760351,0,-1.95890488255,0
44,AURKB,0.129310344828,-2.26206439452,0,0,-2.06146238883,-323.306215343,-323.306215343,-3.59756844464,0,-1.9471759766,0
45,AURKB,0.132183908046,-2.26224863212,0,0,-2.08325652077,-323.306215343,-323.306215343,-3.31256269089,0,-1.93580139773,0
46,AURKB,0.135057471264,-2.26276816266,0,0,-2.12763710739,-323.306215343,-323.306215343,-3.05470034226,0,-1.92473460984,0
47,AURKB,0.137931034483,-2.26362369697,0,0,-2.19523315593,-323.306215343,-323.306215343,-2.82398139875,0,-1.91396092074,0
48,AURKB,0.140804597701,-2.2648159097,0,0,-2.28389766492,-323.306215343,-323.306215343,-2.62040586036,0,-1.90351043054,0
49,AURKB,0.14367816092,-2.26634542271,0,0,-2.38589458476,-323.306215343,-323.306215343,-2.44397372709,0,-1.89350583136,0
50,AURKB,0.146551724138,-2.26821278798,0,0,-2.48175391118,-323.306215343,-323.306215343,-2.29468499893,0,-1.88426684236,0
51,AURKB,0.149425287356,-2.27041846973,0,0,-2.53503615785,-323.306215343,-323.306215343,-2.1725396759,0,-1.87640216414,0
52,AURKB,0.152298850575,-2.27296282611,0,0,-2.508547455,-323.306215343,-323.306215343,-2.07753775798,0,-1.87054381526,0
53,AURKB,0.155172413793,-2.27584609018,0,0,-2.40353745761,-323.306215343,-323.306215343,-2.00967924518,0,-1.86668624921,0
54,AURKB,0.158045977011,-2.27906835027,0,0,-2.25788991063,-323.306215343,-323.306215343,-1.96896413751,0,-1.86420113769,0
55,AURKB,0.16091954023,-2.28262952976,0,0,-2.10691865819,-323.306215343,-323.306215343,-1.95539243495,0,-1.86249009165,0
56,AURKB,0.163793103448,-2.28652936611,0,1,-1.96915658292,-323.306215343,-323.306215343,-1.96896413751,0,-1.21805271299,0
57,AURKB,0.166666666667,-2.29076738935,0,1,-1.85215960553,-323.306215343,-323.306215343,-2.00967924518,0,-1.21670254463,0
58,AURKB,0.169540229885,-2.29534289976,0,0,-1.75865873453,-323.306215343,-323.306215343,-2.07753775797,0,-1.85957621651,0
59,AURKB,0.172413793103,-2.30025494494,0,0,-1.68954710049,-323.306215343,-323.306215343,-2.17253967581,0,-1.85909331988,0
60,AURKB,0.175287356322,-2.30550229612,0,0,-1.64505897689,-323.306215343,-323.306215343,-2.2946849983,0,-1.85881111519,0
61,AURKB,0.17816091954,-2.31108342372,0,0,-1.62520453061,-323.306215343,-323.306215343,-2.44397372268,0,-1.85871463054,0
62,AURKB,0.181034482759,-2.31699647221,0,0,-1.62992755629,-323.306215343,-323.306215343,-2.62040582978,0,-1.85878987299,0
63,AURKB,0.183908045977,-2.32323923418,0,0,-1.65916354944,-323.306215343,-323.306215343,-2.82398118646,0,-1.85902284984,0
64,AURKB,0.186781609195,-2.32980912368,0,0,-1.71286208348,-323.306215343,-323.306215343,-3.05469886864,0,-1.85939918423,0
65,AURKB,0.189655172414,-2.33670314875,0,0,-1.79099601218,-323.306215343,-323.306215343,-3.312552462,0,-1.8599038216,0
66,AURKB,0.192528735632,-2.34391788325,0,0,-1.89356528283,-323.306215343,-323.306215343,-3.59749744702,0,-1.8605198516,0
67,AURKB,0.195402298851,-2.35144943799,0,1,-2.0205980162,-323.306215343,-323.306215343,-3.90922502151,0,-1.20761184034,0
68,AURKB,0.198275862069,-2.35929343108,0,1,-2.17214978601,-323.306215343,-323.306215343,-4.24560243548,0,-1.20683133311,0
69,AURKB,0.201149425287,-2.36744495776,0,1,-2.34830146077,-323.306215343,-323.306215343,-4.59232526246,0,-1.2054291726,0
70,AURKB,0.204022988506,-2.37589855955,0,1,-2.54915554303,-323.306215343,-323.306215343,-4.86928580239,0,-1.20035266582,0
71,AURKB,0.206896551724,-2.38464819304,0,1,-2.77482906246,-323.306215343,-323.306215343,-4.86928580239,0,-1.18370766053,0
72,AURKB,0.209770114943,-2.39368719816,0,1,-3.02542985774,-323.306215343,-323.306215343,-4.59232526246,0,-1.15548137028,0
73,AURKB,0.212643678161,-2.40300826638,0,1,-3.30093625779,-323.306215343,-323.306215343,-4.24560243548,0,-1.12355418208,0
74,AURKB,0.215517241379,-2.41260340877,0,0,-3.60050612222,-323.306215343,-323.306215343,-3.90922502151,1,-0.0464453026273,0
75,AURKB,0.218390804598,-2.42246392419,0,0,-3.91849089609,-323.306215343,-323.306215343,-3.59749744702,1,-0.0124731312424,0
76,AURKB,0.221264367816,-2.43258036798,0,1,-4.2236515439,-323.306215343,-323.306215343,-3.312552462,1,0.377377036525,1
77,AURKB,0.224137931034,-2.4429425212,0,1,-4.39637884838,-323.306215343,-323.306215343,-3.05469886864,1,0.408720311504,1
78,AURKB,0.227011494253,-2.45353936096,0,1,-4.29290089899,-323.306215343,-323.306215343,-2.82398118646,1,0.431010731831,1
79,AURKB,0.229885057471,-2.46435903215,0,0,-4.01974167027,-323.306215343,-323.306215343,-2.62040582978,1,0.0869892558796,1
80,AURKB,0.23275862069,-2.47538882094,0,0,-3.7199247015,-323.306215343,-323.306215343,-2.44397372268,1,0.10163431345,1
81,AURKB,0.235632183908,-2.48661513061,0,0,-3.43705856297,-323.306215343,-323.306215343,-2.2946849983,1,0.115744967532,1
82,AURKB,0.238505747126,-2.49802346021,0,0,-3.17956314401,-323.306215343,-323.306215343,-2.17253967581,1,0.129539638909,1
83,AURKB,0.241379310345,-2.5095983867,0,0,-2.94890709803,-323.306215343,-323.306215343,-2.07753775797,1,0.143062576988,1
84,AURKB,0.244252873563,-2.52132355107,0,0,-2.74534235539,-323.306215343,-323.306215343,-2.00967924518,1,0.156324893571,1
85,AURKB,0.247126436782,-2.53318164934,0,0,-2.56891207779,-323.306215343,-323.306215343,-1.9689641375,1,0.169329511201,1
86,AURKB,0.25,-2.54515442902,0,0,-2.41962366903,-323.306215343,-323.306215343,-1.95539243494,1,0.182075406324,1
87,AURKB,0.252873563218,-2.55722269183,0,0,-2.29747840103,-323.306215343,-323.306215343,-1.96896413745,1,0.194558270484,1
88,AURKB,0.255747126437,-2.56936630359,0,0,-2.20247649261,-323.306215343,-323.306215343,-2.00967924485,1,0.206770560417,1
89,AURKB,0.258620689655,-2.58156421198,0,0,-2.13461798145,-323.306215343,-323.306215343,-2.07753775609,1,0.21870145089,1
90,AURKB,0.261494252874,-2.59379447301,0,1,-2.09390287405,-323.306215343,-323.306215343,-2.17253966499,1,0.590542670022,1
91,AURKB,0.264367816092,-2.60603428702,0,1,-2.08033117154,-323.306215343,-323.306215343,-2.29468493618,1,0.602103772223,1
92,AURKB,0.26724137931,-2.61826004498,0,1,-2.09390287411,-323.306215343,-323.306215343,-2.44397336596,1,0.613362862773,1
93,AURKB,0.270114942529,-2.63044738566,0,1,-2.13461798179,-323.306215343,-323.306215343,-2.62040378222,1,0.624293289653,1
94,AURKB,0.272988505747,-2.64257126431,0,0,-2.20247649459,-323.306215343,-323.306215343,-2.82396943999,1,0.273520678674,1
95,AURKB,0.275862068966,-2.65460603335,0,0,-2.29747841251,-323.306215343,-323.306215343,-3.05463152884,1,0.28334865336,1
96,AURKB,0.278735632184,-2.66652553513,0,0,-2.41962373554,-323.306215343,-323.306215343,-3.31216684604,1,0.292734686859,1
97,AURKB,0.281609195402,-2.67830320708,0,0,-2.5689124637,-323.306215343,-323.306215343,-3.59529543499,1,0.301689636108,1
98,AURKB,0.284482758621,-2.68991219889,0,0,-2.74534459697,-323.306215343,-323.306215343,-3.89679716102,1,0.31044851337,1
99,AURKB,0.287356321839,-2.70132550141,1,0,-2.94892013536,-323.306215343,-323.306215343,-4.17942570309,1,0.474228160618,1
100,AURKB,0.290229885057,-2.71251608649,0,1,-3.17963907887,-323.306215343,-323.306215343,-4.31441614094,1,0.700909332855,1
101,AURKB,0.293103448276,-2.72345705682,0,1,-3.4375014275,-323.306215343,-323.306215343,-4.17942570309,1,0.729347564168,1
102,AURKB,0.295977011494,-2.73412180441,0,1,-3.72250718125,-323.306215343,-323.306215343,-3.89679716102,1,0.764103986439,1
103,AURKB,0.298850574713,-2.74448417609,0,1,-4.03465634012,-323.306215343,-323.306215343,-3.59529543499,1,0.79989842955,1
104,AURKB,0.301724137931,-2.75451864415,1,0,-4.37394890411,-323.306215343,-323.306215343,-3.31216684604,1,0.614490893727,1
105,AURKB,0.304597701149,-2.76420047994,1,0,-4.74038487321,-323.306215343,-323.306215343,-3.05463152884,1,0.646352464899,1
106,AURKB,0.307471264368,-2.77350592798,1,0,-5.13396424744,-323.306215343,-323.306215343,-2.82396943999,1,0.677229447336,1
107,AURKB,0.310344827586,-2.7824123781,1,0,-5.55468702678,-323.306215343,-323.306215343,-2.62040378222,1,0.707107173836,1
108,AURKB,0.313218390805,-2.79089853288,1,0,-6.00255321124,-323.306215343,-323.306215343,-2.44397336596,1,0.735977764188,1
109,AURKB,0.316091954023,-2.7989445677,1,0,-6.47756280083,-323.306215343,-323.306215343,-2.29468493618,1,0.763833861351,1
110,AURKB,0.318965517241,-2.80653228074,1,0,-6.97971579553,-323.306215343,-323.306215343,-2.17253966499,1,0.790667359444,1
111,AURKB,0.32183908046,-2.81364523042,1,0,-7.50901219535,-323.306215343,-323.306215343,-2.07753775609,1,0.816468983856,1
112,AURKB,0.324712643678,-2.820268858,1,0,-8.06545200028,-323.306215343,-323.306215343,-2.00967924485,1,0.841228011605,1
113,AURKB,0.327586206897,-2.82639059319,1,0,-8.64903521034,-323.306215343,-323.306215343,-1.96896413745,1,0.864932012246,1
114,AURKB,0.330459770115,-2.8319999412,1,0,-9.25976182552,-323.306215343,-323.306215343,-1.95539243494,1,0.887566592266,1
115,AURKB,0.333333333333,-2.83708854999,0,0,-9.89763184581,-323.306215343,-323.306215343,-1.9689641375,1,0.766284539428,1
116,AURKB,0.336206896552,-2.84165025665,0,0,-10.5626452712,-323.306215343,-323.306215343,-2.00967924518,1,0.788203680719,1
117,AURKB,0.33908045977,-2.84568111288,1,0,-11.2548021018,-323.306215343,-323.306215343,-2.07753775798,1,0.948875220363,1
118,AURKB,0.341954022989,-2.84917938921,1,0,-11.9741023374,-323.306215343,-323.306215343,-2.1725396759,1,0.96704035234,1
119,AURKB,0.344827586207,-2.85214555886,1,0,-12.7205459782,-323.306215343,-323.306215343,-2.29468499893,1,0.984026275911,1
120,AURKB,0.347701149425,-2.85458226182,1,0,-13.4941330241,-323.306215343,-323.306215343,-2.44397372709,1,0.999802032394,1
121,AURKB,0.350574712644,-2.85649425062,1,0,-14.2948634751,-323.306215343,-323.306215343,-2.62040586036,1,1.01433330508,1
122,AURKB,0.353448275862,-2.85788831912,1,0,-15.1227373312,-323.306215343,-323.306215343,-2.82398139875,1,1.02758233471,1
123,AURKB,0.35632183908,-2.85877321627,1,0,-15.9777545925,-323.306215343,-323.306215343,-3.05470034226,1,1.03950787643,1
124,AURKB,0.359195402299,-2.85915954666,1,0,-16.8599152588,-323.306215343,-323.306215343,-3.31256269089,1,1.05006520165,1
125,AURKB,0.362068965517,-2.8590596599,1,0,-17.7692193303,-323.306215343,-323.306215343,-3.59756844464,1,1.05920614718,1
126,AURKB,0.364942528736,-2.85848753083,1,0,-18.7056668069,-323.306215343,-323.306215343,-3.90971760351,1,1.066879214,1
127,AURKB,0.367816091954,-2.85745863266,1,0,-19.6692576886,-323.306215343,-323.306215343,-4.2490101675,1,1.07302971711,1
128,AURKB,0.370689655172,-2.85598980498,1,0,-20.6599919755,-323.306215343,-323.306215343,-4.6154461366,1,1.07759998766,1
129,AURKB,0.373563218391,-2.85409911837,1,0,-21.6778696674,-323.306215343,-323.306215343,-5.00902551083,1,1.08052962781,1
130,AURKB,0.376436781609,-2.8518057375,1,0,-22.7228907645,-323.306215343,-323.306215343,-5.42974829017,1,1.08175581872,1
131,AURKB,0.379310344828,-2.8491297841,0,0,-23.7950552667,-323.306215343,-323.306215343,-5.87761447459,1,0.975104278655,1
132,AURKB,0.382183908046,-2.84609220129,0,0,-24.894363174,-323.306215343,-323.306215343,-6.35262406323,1,0.976051685474,1
133,AURKB,0.385057471264,-2.84271462039,0,0,-26.0208144865,-323.306215343,-323.306215343,-6.85477703789,1,0.975231121549,1
134,AURKB,0.387931034483,-2.83901923136,1,0,-27.174409204,-323.306215343,-323.306215343,-7.38407300911,1,1.06830664884,1
135,AURKB,0.390804597701,-2.83502865768,1,0,-28.3551473267,-323.306215343,-323.306215343,-7.9405036492,1,1.06001712481,1
136,AURKB,0.39367816092,-2.83076583638,1,0,-29.5630288545,-323.306215343,-323.306215343,-8.52389092125,1,1.0496286295,1
137,AURKB,0.396551724138,-2.82625390382,1,0,-30.7980537874,-323.306215343,-323.306215343,-9.13044836468,1,1.03724796284,1
138,AURKB,0.399425287356,-2.82151608775,1,0,-32.0602221254,-323.306215343,-323.306215343,-9.68757443166,1,1.02618296455,1
139,AURKB,0.402298850575,-2.81657560586,1,0,-33.3495338686,-323.306215343,-323.306215343,-9.68712833542,1,1.04022093327,1
140,AURKB,0.405172413793,-2.81145557113,1,0,-34.6659890169,-323.306215343,-323.306215343,-9.12962313204,1,1.07959922108,1
141,AURKB,0.408045977011,-2.80617890408,1,0,-36.0095875702,-323.306215343,-323.306215343,-8.52281639847,1,1.12062912221,1
142,AURKB,0.41091954023,-2.80076825207,1,0,-37.3803295288,-323.306215343,-323.306215343,-7.93912361593,1,1.15991409893,1
143,AURKB,0.413793103448,-2.79524591542,1,0,-38.7782148924,-323.306215343,-323.306215343,-7.38230176573,1,1.19725595778,1
144,AURKB,0.416666666667,-2.78963378051,0,0,-40.2032436611,-323.306215343,-323.306215343,-6.85250402835,1,1.16040540418,1
145,AURKB,0.419540229885,-2.78395325957,0,0,-41.655415835,-323.306215343,-323.306215343,-6.34970762445,1,1.19519718993,1
146,AURKB,0.422413793103,-2.77822523698,0,0,-43.134731414,-323.306215343,-323.306215343,-5.87387325183,1,1.22808321876,1
147,AURKB,0.425287356322,-2.77247002191,0,0,-44.6411903981,-323.306215343,-323.306215343,-5.42495031555,1,1.25903695455,1
148,AURKB,0.42816091954,-2.76670730693,0,0,-46.1747927873,-323.306215343,-323.306215343,-5.00287439964,1,1.28803160447,1
149,AURKB,0.431034482759,-2.76095613245,0,1,-47.7355385816,-323.306215343,-323.306215343,-4.60756372306,1,1.88380234287,1
150,AURKB,0.433908045977,-2.75523485647,0,1,-49.3234277811,-323.306215343,-323.306215343,-4.23891479059,1,1.91494728626,1
151,AURKB,0.436781609195,-2.74956112943,0,1,-50.9384603857,-323.306215343,-323.306215343,-3.89679716102,1,1.94385706651,1
152,AURKB,0.439655172414,-2.7439518738,0,1,-52.5806363954,-323.306215343,-323.306215343,-3.58104728683,1,1.97049835519,1
153,AURKB,0.442528735632,-2.73842326798,0,1,-54.2499558102,-323.306215343,-323.306215343,-3.29146147222,1,1.99483850707,1
154,AURKB,0.445402298851,-2.73299073416,0,1,-55.9464186301,-323.306215343,-323.306215343,-3.0277881603,1,2.01684591301,1
155,AURKB,0.448275862069,-2.72766892987,0,1,-57.6700248552,-323.306215343,-323.306215343,-2.78972002247,1,2.03649037706,1
156,AURKB,0.451149425287,-2.72247174266,0,0,-59.420774485,-323.306215343,-323.306215343,-2.57688670477,1,1.4463095666,1
157,AURKB,0.454022988506,-2.71741228777,0,0,-61.1986661363,-323.306215343,-323.306215343,-2.38884959229,1,1.45652683428,1
158,AURKB,0.456896551724,-2.71250290831,0,0,-62.9973590121,-323.306215343,-323.306215343,-2.22510053453,1,1.46453545711,1
159,AURKB,0.459770114943,-2.70775517762,0,0,-62.997359012,-323.306215343,-323.306215343,-2.08506700069,1,1.46570120939,1
160,AURKB,0.462643678161,-2.70317990358,1,0,-61.1986661361,-323.306215343,-323.306215343,-1.96812634812,1,1.50788323463,1
161,AURKB,0.465517241379,-2.69878713448,1,0,-59.4207744847,-323.306215343,-323.306215343,-1.8736314229,1,1.50401481536,1
162,AURKB,0.468390804598,-2.69458616623,1,0,-57.6700248548,-323.306215343,-323.306215343,-1.80094819434,1,1.49791552417,1
163,AURKB,0.471264367816,-2.6905855506,1,0,-55.9464186296,-323.306215343,-323.306215343,-1.74950341672,1,1.48968353261,1
164,AURKB,0.474137931034,-2.68679310429,1,0,-54.2499558094,-323.306215343,-323.306215343,-1.71883682554,1,1.47941297298,1
165,AURKB,0.477011494253,-2.68321591862,1,0,-52.5806363943,-323.306215343,-323.306215343,-1.70864924952,1,1.46719152571,1
166,AURKB,0.479885057471,-2.67986036953,1,0,-50.9384603842,-323.306215343,-323.306215343,-1.71883682554,1,1.45309857873,1
167,AURKB,0.48275862069,-2.67673212792,1,0,-49.3234277791,-323.306215343,-323.306215343,-1.74950341672,1,1.43720429239,1
168,AURKB,0.485632183908,-2.6738361699,1,0,-47.735538579,-323.306215343,-323.306215343,-1.80094819434,1,1.41956970614,1
169,AURKB,0.488505747126,-2.6711767871,0,0,-46.1747927836,-323.306215343,-323.306215343,-1.8736314229,1,1.31611016114,1
170,AURKB,0.491379310345,-2.6687575967,0,0,-44.6411903931,-323.306215343,-323.306215343,-1.96812634812,1,1.2914988777,1
171,AURKB,0.494252873563,-2.66658155114,0,0,-43.1347314071,-323.306215343,-323.306215343,-2.08506700069,1,1.2653831747,1
172,AURKB,0.497126436782,-2.66465094749,0,0,-41.6554158257,-323.306215343,-323.306215343,-2.22510053453,1,1.23780793283,1
173,AURKB,0.5,-2.66296743634,1,0,-40.2032436484,-323.306215343,-323.306215343,-2.38884959229,1,1.30695891226,1
174,AURKB,0.502873563218,-2.66153203024,1,0,-38.778214875,-323.306215343,-323.306215343,-2.57688670477,1,1.27983094601,1
175,AURKB,0.505747126437,-2.66034511149,1,0,-37.3803295049,-323.306215343,-323.306215343,-2.78972002247,1,1.25125550162,1
176,AURKB,0.508620689655,-2.65940643949,1,0,-36.0095875377,-323.306215343,-323.306215343,-3.0277881603,1,1.22127001736,1
177,AURKB,0.511494252874,-2.65871515748,1,0,-34.6659889724,-323.306215343,-323.306215343,-3.29146147222,1,1.18991206535,1
178,AURKB,0.514367816092,-2.65826979873,1,0,-33.3495338078,-323.306215343,-323.306215343,-3.58104728683,1,1.15721916217,1
179,AURKB,0.51724137931,-2.65806829226,1,0,-32.0602220423,-323.306215343,-323.306215343,-3.89679716102,1,1.12322852311,1
180,AURKB,0.520114942529,-2.65810796795,1,0,-30.7980536738,-323.306215343,-323.306215343,-4.23891479054,1,1.08797681328,1
181,AURKB,0.522988505747,-2.65838556139,1,0,-29.5630286992,-323.306215343,-323.306215343,-4.60756372231,1,1.05149992841,1
182,AURKB,0.525862068966,-2.65889721822,1,0,-28.3551471144,-323.306215343,-323.306215343,-5.00287438854,1,1.01383282282,1
183,AURKB,0.528735632184,-2.65963849826,1,0,-27.1744089139,-323.306215343,-323.306215343,-5.42495015191,1,0.975009395973,1
184,AURKB,0.531609195402,-2.6606043794,1,0,-26.0208140898,-323.306215343,-323.306215343,-5.87387084092,1,0.935062504371,1
185,AURKB,0.534482758621,-2.66178926144,1,0,-24.8943626319,-323.306215343,-323.306215343,-6.34967212154,1,0.894025083487,1
186,AURKB,0.537356321839,-2.66318696989,1,0,-23.7950545257,-323.306215343,-323.306215343,-6.85198166933,1,0.851946986158,1
187,AURKB,0.540229885057,-2.66479075999,1,0,-22.7228897517,-323.306215343,-323.306215343,-7.37467646341,1,0.809140921953,1
188,AURKB,0.543103448276,-2.66659332101,1,0,-21.6778682831,-323.306215343,-323.306215343,-7.83852746621,1,0.769294861488,1
189,AURKB,0.545977011494,-2.66858678095,1,0,-20.6599900833,-323.306215343,-323.306215343,-7.83852746621,1,0.751144461826,1
190,AURKB,0.548850574713,-2.67076271196,0,0,-19.6692551023,-323.306215343,-323.306215343,-7.37467646341,1,0.614786446924,1
191,AURKB,0.551724137931,-2.67311213649,0,0,-18.7056632718,-323.306215343,-323.306215343,-6.85198166933,1,0.616844900616,1
192,AURKB,0.554597701149,-2.67562553448,0,0,-17.7692144983,-323.306215343,-323.306215343,-6.34967212154,1,0.618201667354,1
193,AURKB,0.557471264368,-2.67829285175,0,0,-16.8599086542,-323.306215343,-323.306215343,-5.87387084092,1,0.618651049892,1
194,AURKB,0.560344827586,-2.68110350979,0,0,-15.977745565,-323.306215343,-323.306215343,-5.42495015191,1,0.618231504564,1
195,AURKB,0.563218390805,-2.68404641724,0,0,-15.1227249919,-323.306215343,-323.306215343,-5.00287438854,1,0.616996413902,1
196,AURKB,0.566091954023,-2.68710998321,0,1,-14.294846609,-323.306215343,-323.306215343,-4.60756372231,1,1.07319849986,1
197,AURKB,0.568965517241,-2.69028213272,0,0,-13.4941099704,-323.306215343,-323.306215343,-4.23891479054,1,0.612288601354,1
198,AURKB,0.57183908046,-2.69355032457,0,0,-12.7205144668,-323.306215343,-323.306215343,-3.89679716102,1,0.608916000454,1
199,AURKB,0.574712643678,-2.69690157165,0,0,-11.974059265,-323.306215343,-323.306215343,-3.58104728683,1,0.604928172825,1
200,AURKB,0.577586206897,-2.70032246424,0,0,-11.2547432265,-323.306215343,-323.306215343,-3.29146147222,1,0.600371111146,1
201,AURKB,0.580459770115,-2.70379919626,0,0,-10.5625647943,-323.306215343,-323.306215343,-3.0277881603,1,0.595289480222,1
202,AURKB,0.583333333333,-2.70731759483,1,0,-9.89752184012,-323.306215343,-323.306215343,-2.78972002247,1,0.76796037286,1
203,AURKB,0.586206896552,-2.71086315325,1,0,-9.25961145417,-323.306215343,-323.306215343,-2.57688670477,1,0.76419293858,1
204,AURKB,0.58908045977,-2.71442106764,1,0,-8.64882965786,-323.306215343,-323.306215343,-2.38884959229,1,0.759892099543,1
205,AURKB,0.591954022989,-2.71797627729,1,0,-8.06517101113,-323.306215343,-323.306215343,-2.22510053453,1,0.755102445495,1
206,AURKB,0.594827586207,-2.72151350889,1,0,-7.50862807495,-323.306215343,-323.306215343,-2.08506700069,1,0.749867726173,1
207,AURKB,0.597701149425,-2.72501732466,1,0,-6.97919067606,-323.306215343,-323.306215343,-1.96812634812,1,0.744230309692,1
208,AURKB,0.600574712644,-2.72847217436,1,0,-6.47684490097,-323.306215343,-323.306215343,-1.8736314229,1,0.738230240252,1
209,AURKB,0.603448275862,-2.73186245112,1,0,-6.0015717195,-323.306215343,-323.306215343,-1.80094819434,1,0.731903869925,1
210,AURKB,0.60632183908,-2.73517255102,0,0,-5.5533451017,-323.306215343,-323.306215343,-1.74950341672,1,0.532813959323,1
211,AURKB,0.609195402299,-2.73838693611,0,0,-5.13212944257,-323.306215343,-323.306215343,-1.71883682554,1,0.524683600077,1
212,AURKB,0.612068965517,-2.7414902007,0,0,-4.73787604237,-323.306215343,-323.306215343,-1.70864924952,1,0.516406607547,1
213,AURKB,0.614942528736,-2.74446714051,0,1,-4.37051830142,-323.306215343,-323.306215343,-1.71883682554,1,0.927830070473,1
214,AURKB,0.617816091954,-2.74730282425,0,1,-4.02996517232,-323.306215343,-323.306215343,-1.74950341672,1,0.917806371111,1
215,AURKB,0.620689655172,-2.74998266708,0,1,-3.71609226437,-323.306215343,-323.306215343,-1.80094819434,1,0.907714444784,1
216,AURKB,0.623563218391,-2.7524925054,0,0,-3.42872981547,-323.306215343,-323.306215343,-1.8736314229,1,0.481730200631,1
217,AURKB,0.626436781609,-2.75481867234,0,0,-3.16764654741,-323.306215343,-323.306215343,-1.96812634812,1,0.472559936225,1
218,AURKB,0.629310344828,-2.75694807303,0,0,-2.93252823925,-323.306215343,-323.306215343,-2.08506700069,1,0.463117355616,1
219,AURKB,0.632183908046,-2.75886825912,0,0,-2.72294978157,-323.306215343,-323.306215343,-2.22510053453,1,0.453355193644,1
220,AURKB,0.635057471264,-2.76056750144,0,1,-2.53833970011,-323.306215343,-323.306215343,-2.38884959229,1,0.854989942817,1
221,AURKB,0.637931034483,-2.76203486018,0,1,-2.3779370118,-323.306215343,-323.306215343,-2.57688670477,1,0.843640364524,1
222,AURKB,0.640804597701,-2.76326025157,0,0,-2.24074237268,-323.306215343,-323.306215343,-2.78972002247,1,0.421587705124,1
223,AURKB,0.64367816092,-2.76423451017,0,0,-2.12546956718,-323.306215343,-323.306215343,-3.0277881603,1,0.409947604102,1
224,AURKB,0.646551724138,-2.76494944607,0,0,-2.03051011157,-323.306215343,-323.306215343,-3.29146147222,1,0.397647929968,1
225,AURKB,0.649425287356,-2.76539789608,0,0,-1.95393263178,-323.306215343,-323.306215343,-3.58104728683,1,0.384593690247,1
226,AURKB,0.652298850575,-2.76557376822,0,0,-1.89354630882,-323.306215343,-323.306215343,-3.89679716102,1,0.370682194451,1
227,AURKB,0.655172413793,-2.76547207887,0,0,-1.84705598904,-323.306215343,-323.306215343,-4.23891479059,1,0.355808114756,1
228,AURKB,0.658045977011,-2.76508898208,0,0,-1.81231475917,-323.306215343,-323.306215343,-4.60756372306,1,0.339871736179,1
229,AURKB,0.66091954023,-2.76442179054,0,0,-1.78763460961,-323.306215343,-323.306215343,-5.00287439964,1,0.322789096904,1
230,AURKB,0.663793103448,-2.76346898795,0,0,-1.77206622436,-323.306215343,-323.306215343,-5.42495031555,1,0.304501104728,1
231,AURKB,0.666666666667,-2.76223023268,0,0,-1.76554489014,-323.306215343,-323.306215343,-5.87387325187,1,0.284978274691,1
232,AURKB,0.669540229885,-2.76070635261,0,0,-1.76884744011,-323.306215343,-323.306215343,-6.34970762542,1,0.26421931172,1
233,AURKB,0.672413793103,-2.75889933135,0,0,-1.78338992531,-323.306215343,-323.306215343,-6.85250404926,1,0.242244527756,1
234,AURKB,0.675287356322,-2.75681228607,0,0,-1.81095644844,-323.306215343,-323.306215343,-7.38230221333,1,0.219087051624,1
235,AURKB,0.67816091954,-2.75444943728,0,0,-1.85345037552,-323.306215343,-323.306215343,-7.9391331946,1,0.19478480311,1
236,AURKB,0.681034482759,-2.75181607116,0,0,-1.91271745668,-323.306215343,-323.306215343,-8.52302129734,1,0.169374839355,1
237,AURKB,0.683908045977,-2.74891849496,0,0,-1.99044599193,-323.306215343,-323.306215343,-9.13398551152,1,0.142890236627,1
238,AURKB,0.686781609195,-2.74576398617,0,0,-2.08812515524,-323.306215343,-323.306215343,-9.77204066419,1,0.115358891052,1
239,AURKB,0.689655172414,-2.74236073628,0,0,-2.20703847003,-323.306215343,-323.306215343,-10.4371983255,1,0.0868034893966,1
240,AURKB,0.692528735632,-2.73871778988,0,0,-2.34827503671,-323.306215343,-323.306215343,-11.1294675203,1,0.0572420834933,1
241,AURKB,0.695402298851,-2.73484497994,0,0,-2.51274819746,-323.306215343,-323.306215343,-11.8488552855,1,0.0266889313469,1
242,AURKB,0.698275862069,-2.73075286014,0,0,-2.70121644012,-323.306215343,-323.306215343,-12.5953671065,1,-0.00484456672757,0
243,AURKB,0.701149425287,-2.7264526351,1,0,-2.91430418045,-323.306215343,-323.306215343,-13.3690072586,1,0.139526899017,1
244,AURKB,0.704022988506,-2.72195608929,1,0,-3.15252138091,-323.306215343,-323.306215343,-14.1697790733,1,0.103431946729,1
245,AURKB,0.706896551724,-2.71727551541,0,0,-3.41628152012,-323.306215343,-323.306215343,-14.9976851462,1,-0.105236209152,0
246,AURKB,0.709770114943,-2.71242364301,0,0,-3.70591767573,-323.306215343,-323.306215343,-15.852727493,1,-0.140601568628,0
247,AURKB,0.712643678161,-2.70741356799,0,0,-4.02169662874,-323.306215343,-323.306215343,-16.7349071135,1,-0.176900988501,0
248,AURKB,0.715517241379,-2.70225868355,0,0,-4.36383100601,-323.306215343,-323.306215343,-17.6441734145,1,-0.214119359566,0
249,AURKB,0.718390804598,-2.69697261324,0,0,-4.73248956179,-323.306215343,-323.306215343,-18.5758888155,1,-0.252041509135,0
250,AURKB,0.721264367816,-2.6915691464,0,0,-5.12780575785,-323.306215343,-323.306215343,-19.2432727028,1,-0.27827767507,0
251,AURKB,0.724137931034,-2.68606217659,0,0,-5.54988483494,-323.306215343,-323.306215343,-18.5759298175,1,-0.246395595301,0
252,AURKB,0.727011494253,-2.68046564313,0,0,-5.99880957972,-323.306215343,-323.306215343,-17.6442269984,1,-0.202315821501,0
253,AURKB,0.729885057471,-2.67479347611,1,0,-6.47464498695,-323.306215343,-323.306215343,-16.7349759268,1,0.00423318204016,1
254,AURKB,0.73275862069,-2.66905954503,1,0,-6.97744200121,-323.306215343,-323.306215343,-15.8528158492,1,0.050051960548,1
255,AURKB,0.735632183908,-2.66327761121,1,0,-7.50724050234,-323.306215343,-323.306215343,-14.9977985945,1,0.095289224615,1
256,AURKB,0.738505747126,-2.65746128393,1,0,-8.06407167595,-323.306215343,-323.306215343,-14.1699247385,1,0.139937281456,1
257,AURKB,0.741379310345,-2.65162398054,1,0,-8.6479598884,-323.306215343,-323.306215343,-13.3691942875,1,0.183989669461,1
258,AURKB,0.744252873563,-2.64577889026,1,0,-9.25892416516,-323.306215343,-323.306215343,-12.5956072416,1,0.227440883811,1
259,AURKB,0.747126436782,-2.63993894178,1,0,-9.8969793535,-323.306215343,-323.306215343,-11.8491636008,1,0.270286133186,1
260,AURKB,0.75,-2.63411677457,1,0,-10.5621370352,-323.306215343,-323.306215343,-11.1298633652,1,0.312521102677,1
261,AURKB,0.752873563218,-2.62832471363,1,0,-11.2544062415,-323.306215343,-323.306215343,-10.4377065346,1,0.354141723114,1
262,AURKB,0.755747126437,-2.62257474776,1,0,-11.9737940133,-323.306215343,-323.306215343,-9.7726931092,1,0.395143947135,1
263,AURKB,0.758620689655,-2.61687851106,1,0,-12.7203058381,-323.306215343,-323.306215343,-9.13482308891,1,0.435523532076,1
264,AURKB,0.761494252874,-2.61124726749,1,0,-13.4939459924,-323.306215343,-323.306215343,-8.52409647373,1,0.475275829708,1
265,AURKB,0.764367816092,-2.60569189848,1,0,-14.2947178083,-323.306215343,-323.306215343,-7.94051326368,1,0.514395582699,1
266,AURKB,0.76724137931,-2.60022289318,1,0,-15.122623882,-323.306215343,-323.306215343,-7.38407345874,1,0.552876727664,1
267,AURKB,0.770114942529,-2.59485034143,1,0,-15.9776662357,-323.306215343,-323.306215343,-6.85477705892,1,0.590712204694,1
268,AURKB,0.772988505747,-2.58958392907,0,0,-16.8598464451,-323.306215343,-323.306215343,-6.35262406422,1,0.449189632862,1
269,AURKB,0.775862068966,-2.58443293562,0,0,-17.7691657371,-323.306215343,-323.306215343,-5.87761447464,1,0.486011628491,1
270,AURKB,0.778735632184,-2.57940623394,0,0,-18.705625047,-323.306215343,-323.306215343,-5.42974829017,1,0.522321443667,1
271,AURKB,0.781609195402,-2.57451229197,0,0,-19.669222596,-323.306215343,-323.306215343,-5.00902551083,1,0.558104318631,1
272,AURKB,0.784482758621,-2.56975917618,0,0,-20.6596485789,-323.306215343,-323.306215343,-4.6154461366,1,0.593335433504,1
273,AURKB,0.787356321839,-2.5651545567,0,0,-21.640364233,-323.306215343,-323.306215343,-4.2490101675,1,0.627032883214,1
274,AURKB,0.790229885057,-2.56070571402,0,0,-21.6403810492,-323.306215343,-323.306215343,-3.90971760351,1,0.63374122022,1
275,AURKB,0.793103448276,-2.55641954703,0,0,-20.659673868,-323.306215343,-323.306215343,-3.59756844463,1,0.613346378922,1
276,AURKB,0.795977011494,-2.55230258231,0,0,-19.6692551023,-323.306215343,-323.306215343,-3.31256269086,1,0.591305261633,1
277,AURKB,0.798850574713,-2.5483609847,0,0,-18.7056667859,-323.306215343,-323.306215343,-3.05470034214,1,0.568656320543,1
278,AURKB,0.801724137931,-2.54460056878,0,0,-17.7692193301,-323.306215343,-323.306215343,-2.82398139834,1,0.54547682937,1
279,AURKB,0.804597701149,-2.54102681132,0,0,-16.8599152588,-323.306215343,-323.306215343,-2.62040585902,1,0.521831420743,1
280,AURKB,0.807471264368,-2.53764486467,0,0,-15.9777545925,-323.306215343,-323.306215343,-2.44397372268,1,0.497780337341,1
281,AURKB,0.810344827586,-2.5344595708,0,0,-15.1227373312,-323.306215343,-323.306215343,-2.29468498449,1,0.473379576549,1
282,AURKB,0.813218390805,-2.53147547599,0,0,-14.2948634751,-323.306215343,-323.306215343,-2.17253962853,1,0.448680988391,1
283,AURKB,0.816091954023,-2.52869684621,0,1,-13.4941330241,-323.306215343,-323.306215343,-2.07753760266,1,0.914501426272,1
284,AURKB,0.818965517241,-2.52612768283,0,1,-12.7205459782,-323.306215343,-323.306215343,-2.00967873591,1,0.886076514784,1
285,AURKB,0.82183908046,-2.52377173891,0,1,-11.9741023374,-323.306215343,-323.306215343,-1.96896246767,1,0.857572209251,1
286,AURKB,0.824712643678,-2.52163253565,0,1,-11.2548021018,-323.306215343,-323.306215343,-1.95538695978,1,0.829028388277,1
287,AURKB,0.827586206897,-2.51971337923,0,1,-10.5626452712,-323.306215343,-323.306215343,-1.9689461854,1,0.800481081476,1
288,AURKB,0.830459770115,-2.51801737777,0,1,-9.89763184581,-323.306215343,-323.306215343,-2.00962038527,1,0.771963032016,1
289,AURKB,0.833333333333,-2.51654745836,0,0,-9.25976182552,-323.306215343,-323.306215343,-2.07734479354,1,0.271002314402,1
290,AURKB,0.836206896552,-2.51530638422,0,0,-8.64903521034,-323.306215343,-323.306215343,-2.1719072899,1,0.245350449983,1
291,AURKB,0.83908045977,-2.51429677174,0,0,-8.06545200028,-323.306215343,-323.306215343,-2.29261491611,1,0.219742196092,1
292,AURKB,0.841954022989,-2.51352110741,0,0,-7.50901219535,-323.306215343,-323.306215343,-2.43722272878,1,0.19428323384,1
293,AURKB,0.844827586207,-2.51298176464,0,0,-6.97971579553,-323.306215343,-323.306215343,-2.59865132087,1,0.169265214836,1
294,AURKB,0.847701149425,-2.51268102027,0,0,-6.47756280083,-323.306215343,-323.306215343,-2.75637963578,1,0.145502009172,1
295,AURKB,0.850574712644,-2.51262107078,0,0,-6.00255321124,-323.306215343,-323.306215343,-2.86373798823,1,0.124825817665,1
296,AURKB,0.853448275862,-2.51280404816,0,0,-5.55468702678,-323.306215343,-323.306215343,-2.86373798823,1,0.109464130295,1
297,AURKB,0.85632183908,-2.51323203526,0,0,-5.13396424744,-323.306215343,-323.306215343,-2.75637963578,1,0.0994078280366,1
298,AURKB,0.859195402299,-2.51390708074,0,0,-4.74038487321,-323.306215343,-323.306215343,-2.59865132087,1,0.0924321041653,1
299,AURKB,0.862068965517,-2.51483121336,1,0,-4.37394890411,-323.306215343,-323.306215343,-2.43722272878,1,0.316395356244,1
300,AURKB,0.864942528736,-2.51600645573,1,0,-4.03465634012,-323.306215343,-323.306215343,-2.29261491611,1,0.312610298027,1
301,AURKB,0.867816091954,-2.51743483738,1,0,-3.72250718125,-323.306215343,-323.306215343,-2.1719072899,1,0.308951713961,1
302,AURKB,0.870689655172,-2.51911840704,1,0,-3.4375014275,-323.306215343,-323.306215343,-2.07734479354,1,0.305351027532,1
303,AURKB,0.873563218391,-2.52105924429,1,0,-3.17963907887,-323.306215343,-323.306215343,-2.00962038527,1,0.301801511757,1
304,AURKB,0.876436781609,-2.52325947031,1,0,-2.94892013536,-323.306215343,-323.306215343,-1.9689461854,1,0.298314002004,1
305,AURKB,0.879310344828,-2.52572125784,1,0,-2.74534459697,-323.306215343,-323.306215343,-1.95538695978,1,0.294903212858,1
306,AURKB,0.882183908046,-2.52844684029,1,0,-2.5689124637,-323.306215343,-323.306215343,-1.96896246767,1,0.29158359059,1
307,AURKB,0.885057471264,-2.53143851993,1,0,-2.41962373554,-323.306215343,-323.306215343,-2.00967873591,1,0.288368081491,1
308,AURKB,0.887931034483,-2.53469867524,1,0,-2.29747841251,-323.306215343,-323.306215343,-2.07753760266,1,0.285267785583,1
309,AURKB,0.890804597701,-2.53822976727,0,0,-2.20247649459,-323.306215343,-323.306215343,-2.17253962853,1,0.0445546175954,1
310,AURKB,0.89367816092,-2.54203434518,0,0,-2.13461798179,-323.306215343,-323.306215343,-2.29468498449,1,0.0416421362086,1
311,AURKB,0.896551724138,-2.54611505081,0,0,-2.09390287411,-323.306215343,-323.306215343,-2.44397372268,1,0.0390043249725,1
312,AURKB,0.899425287356,-2.55047462233,0,0,-2.08033117155,-323.306215343,-323.306215343,-2.62040585902,1,0.0366464285402,1
313,AURKB,0.902298850575,-2.55511589705,0,0,-2.09390287411,-323.306215343,-323.306215343,-2.82398139834,1,0.0345721446743,1
314,AURKB,0.905172413793,-2.56004181334,0,0,-2.13461798179,-323.306215343,-323.306215343,-3.05470034214,1,0.0327836325584,1
315,AURKB,0.908045977011,-2.56525541166,0,0,-2.20247649459,-323.306215343,-323.306215343,-3.31256269086,1,0.0312815144619,1
316,AURKB,0.91091954023,-2.57075983486,0,0,-2.29747841251,-323.306215343,-323.306215343,-3.59756844463,1,0.0300648705932,1
317,AURKB,0.913793103448,-2.57655832766,0,0,-2.41962373554,-323.306215343,-323.306215343,-3.90971760351,1,0.0291312270918,1
318,AURKB,0.916666666667,-2.58265423531,0,0,-2.5689124637,-323.306215343,-323.306215343,-4.2490101675,1,0.0284765372353,1
319,AURKB,0.919540229885,-2.58905100171,0,0,-2.74534459697,-323.306215343,-323.306215343,-4.6154461366,1,0.0280951559774,1
320,AURKB,0.922413793103,-2.59575216678,0,0,-2.94892013536,-323.306215343,-323.306215343,-5.00902551083,1,0.0279798080148,1
321,AURKB,0.925287356322,-2.60276136319,0,0,-3.17963907887,-323.306215343,-323.306215343,-5.42974829017,1,0.0281215496515,1
322,AURKB,0.92816091954,-2.6100823127,0,0,-3.4375014275,-323.306215343,-323.306215343,-5.87761447464,1,0.0285097248029,1
323,AURKB,0.931034482759,-2.61771882184,0,0,-3.72250718125,-323.306215343,-323.306215343,-6.35262406422,1,0.0291319155687,1
324,AURKB,0.933908045977,-2.62567477724,0,0,-4.03465634012,-323.306215343,-323.306215343,-6.85477705892,1,0.0299738878896,1
325,AURKB,0.936781609195,-2.63395414057,0,0,-4.37394890411,-323.306215343,-323.306215343,-7.38407345874,1,0.0310195329237,1
326,AURKB,0.939655172414,-2.64256094312,0,0,-4.74038487321,-323.306215343,-323.306215343,-7.94051326368,0,-1.49195029279,0
327,AURKB,0.942528735632,-2.65149928018,0,0,-5.13396424744,-323.306215343,-323.306215343,-8.52409647373,0,-1.48679550201,0
328,AURKB,0.945402298851,-2.6607733051,0,0,-5.55468702678,-323.306215343,-323.306215343,-9.13482308891,0,-1.48114897903,0
329,AURKB,0.948275862069,-2.67038722325,0,0,-6.00255321124,-323.306215343,-323.306215343,-9.7726931092,0,-1.47500174609,0
330,AURKB,0.951149425287,-2.68034528589,0,0,-6.47756280083,-323.306215343,-323.306215343,-10.4377065346,0,-1.46834601308,0
331,AURKB,0.954022988506,-2.69065178388,0,0,-6.97971579553,-323.306215343,-323.306215343,-11.1298633652,0,-1.46117534867,0
332,AURKB,0.956896551724,-2.70131104147,0,0,-7.50901219535,-323.306215343,-323.306215343,-11.8491636008,0,-1.4534848625,0
333,AURKB,0.959770114943,-2.71232741003,0,0,-8.06545200028,-323.306215343,-323.306215343,-12.5956072416,0,-1.44527139747,0
334,AURKB,0.962643678161,-2.7237052619,0,0,-8.64903521034,-323.306215343,-323.306215343,-13.3691942875,0,-1.43653373104,0
335,AURKB,0.965517241379,-2.73544898432,0,0,-9.25976182552,-323.306215343,-323.306215343,-14.1699247385,0,-1.42727278417,0
336,AURKB,0.968390804598,-2.74756297343,0,0,-9.89763184581,-323.306215343,-323.306215343,-14.9977985946,0,-1.41749183617,0
337,AURKB,0.971264367816,-2.76005162856,0,0,-10.5626452712,-323.306215343,-323.306215343,-15.8528158559,0,-1.4071967434,0
338,AURKB,0.974137931034,-2.77291934656,0,0,-11.2548021018,-323.306215343,-323.306215343,-16.7349765222,0,-1.39639615948,0
339,AURKB,0.977011494253,-2.78617051644,0,0,-11.9741023374,-323.306215343,-323.306215343,-17.6442805937,0,-1.38510175423,0
340,AURKB,0.979885057471,-2.79980951421,0,0,-12.7205459782,-323.306215343,-323.306215343,-18.5807280703,0,-1.3733284281,0
341,AURKB,0.98275862069,-2.81384069795,0,0,-13.4941330241,-323.306215343,-323.306215343,-19.544318952,0,-1.36109451875,0
342,AURKB,0.985632183908,-2.82826840312,0,0,-14.2948634751,-323.306215343,-323.306215343,-20.5350532389,0,-1.3484219956,0
343,AURKB,0.988505747126,-2.84309693822,0,0,-15.1227373312,-323.306215343,-323.306215343,-21.5529309308,0,-1.33533663825,0
344,AURKB,0.991379310345,-2.85833058062,0,0,-15.9777545925,-323.306215343,-323.306215343,-22.5979520279,0,-1.32186819401,0
345,AURKB,0.994252873563,-2.87397357271,0,0,-16.8599152588,-323.306215343,-323.306215343,-23.6701165301,0,-1.30805050965,0
346,AURKB,0.997126436782,-2.89003011842,0,0,-17.7692193303,-323.306215343,-323.306215343,-24.7694244374,0,-1.29392163197,0
347,AURKB,1.0,-2.90650437981,0,0,-18.7056668069,-323.306215343,-323.306215343,-25.8958757499,0,-1.27952387193,0
